English Word	Portuguese Translation
AIDS	AUXILIA
Abandon	Abandono
abandon	abandono
abbreviation	abreviação
abdoman	abdômen
ability	habilidade
ablution	ablução
about	cerca de
about	cerca de
above	acima de
abrupt	abrupto
abscess	abscesso
absence	ausência
absent	ausente
absolute	absoluto
absolutely	absolutamente
absorption	absorção
abstention	abstenção
abstract	abstrato
absurd	absurdo
absurd	absurdo
absurd	absurdo
abuse	Abuso
academic	acadêmico
academy	Academia
acceleration	aceleração
accent	sotaque
accident	acidente
Accidental	Acidental
accomplice	cúmplice
accord	acordo
accordion	acordeão
accountant	contador
accounting	contabilidade
accurate	exato
accuse	acusar
accustomed	acostumado
achievable	alcançável
acid	ácido
acidity	acidez
acne	acne
Acrobat	Acrobata
across	através
action	ação
active	ativo
activist	ativista
activity	atividade
actor	ator
actress	atriz
acupuncture	acupuntura
add	adicionar
addict	viciado
addiction	vício
address	Morada
adjective	adjetivo
administration	administração
administration	administração
administrative	administrativo
admire	admirar
adolescence	adolescência
adolescence	adolescência
adorable	adorável
adult	adulto
advantage	vantagem
advantageous	vantajoso
Adverb	Advérbio
advertising	publicidade
advice	adendo
aerodrome	aeródromo
aerodrome	aeródromo
aerosol	aerossol
aerospace	aeroespacial
aerospatial	aeroespacial
affect	afetar
affectionately	carinhosamente
afghan	afegão
Afghanistan	Afeganistão
afraid	com medo
Africa	África
after	depois
after	depois
after	depois
after	depois
Afternoon	Tarde
again	novamente
again	novamente
age	era
aggression	agressão
aggressive	agressivo
Aggressiveness	Agressividade
agile	ágil
Agitated	Agitado
agitation	agitação
ago	atrás
agreement	acordo
agriculture	agricultura
air	ar
air	ar
airplane	avião
airport	aeroporto
airport	aeroporto
alarm	alarme
alarm	alarme
alarming	alarmante
albatross	albatroz
alcohol	álcool
alcoholism	alcoolismo
Algebra	Álgebra
Algeria	Argélia
Alibi	Álibi
alike	parecido
alive	vivo
allergy	alergia
alley	beco
alliance	aliança
alligator	jacaré
Almond	Amêndoa
almost	quase
almost	quase
along	ao longo
Alps	Alpes
also	também
alternately	alternadamente
alternative	alternativo
aluminum	alumínio
always	sempre
amateur	amador
Amazon	Amazonas
ambassador	embaixador
ambidextrous	ambidestro
ambition	ambição
ambitious	ambicioso
ambulance	ambulância
ambush	emboscada
ambush	emboscada
american	americano
amicably	amigavelmente
ammunition	munição
amnesia	amnésia
among	dentre
amount	quantia
amphibian	anfíbio
Amphora	ânfora
amputation	amputação
amusing	divertido
analysis	análise
analysis	análise
anarchistic	anarquista
anarchy	anarquia
anatomy	anatomia
anatomy	anatomia
Anchor	Âncora
anchovy	anchovas
Andes	andes
anesthesia	anestesia
angel	anjo
anger	raiva
Angle	Ângulo
angry	Bravo
angry	Bravo
angry	Bravo
anguish	angústia
animal	animal
animist	animista
ankle	tornozelo
annoying	chato
annual	anual
annular	anular
Anonymous	Anônimo
answer	responda
answer	responda
Ant	Formiga
Antarctica	Antártica
antelope	antílope
antenna	antena
Anthem	Hino
anti	anti
anti	anti
anti	anti
antibiotic	antibiótico
antibody	anticorpo
antidepressant	antidepressivo
antiseptic	antisséptico
antisocial	antissocial
anxiety	ansiedade
anxiety	ansiedade
anxiety	ansiedade
anxiolytic	ansiolítico
anxious	ansioso
any	algum
anyone	alguém
anyway	de qualquer forma
anywhere	qualquer lugar
apartment	apartamento
aperitif	aperitivo
apologize	desculpar-se
Apostrophe	Apóstrofo
appeal	apelo
appendicitis	apendicite
Appetite	Apetite
Appetite	Apetite
applaud	aplaudir
apple	maçã
appliance	utensílio
appointment	compromisso
apprehension	apreensão
approval	aprovação
approval	aprovação
Apricot	Damasco
April	abril
Apron	Avental
arab	árabe
arabic	árabe
archbishop	arcebispo
archeology	arqueologia
archery	tiro com arco
Archipelago	Arquipélago
be	ser
area	área
area	área
area	área
Argentina	Argentina
argument	argumento
argument	argumento
argument	argumento
aristocracy	aristocracia
arm	braço
armchair	cadeirão
armpit	axila
army	exército
army	exército
around	por aí
around	por aí
around	por aí
around	por aí
arrest	prender prisão
arrest	prender prisão
arrival	chegada
arrive	chegar
arrogance	arrogância
arrogant	arrogante
arrow	flecha
artery	artéria
arthritis	artrite
artichoke	Alcachofra
article	artigo
artillery	artilharia
artist	artista
Ashtray	Cinzeiro
Asia	Ásia
asparagus	espargos
asset	de ativos
assistant	assistente
associative	associativo
astigmatic	astigmático
astronomy	astronomia
asylum	asilo
Atelier	ateliê
atheistic	ateu
athlete	atleta
athletic	Atlético
athletic	Atlético
Atlantic	atlântico
atmosphere	atmosfera
atmosphere	atmosfera
atoll	atol
atom	átomo
atomic	atômico
atrocity	atrocidade
attack	ataque
attempt	tentar
attentive	atencioso
attitude	atitude
attractive	atraente
audience	público
August	Agosto
aunt	tia
austerity	austeridade
Australia	Austrália
author	autor
authoritarian	autoritário
authority	autoridade
autism	autismo
autograph	autógrafo
autograph	autógrafo
automate	automatizar
automatically	automaticamente
autonomy	autonomia
autonomy	autonomia
autopsy	autópsia
available	acessível
available	acessível
avalanche	avalanche
avenue	Avenida
aviation	aviação
aviator	aviador
avocado	abacate
avoid	evitar
awake	acordado
awful	horrível
ax	machado
axis	eixo
aztec	asteca
baby	bebê
back	de volta
back	de volta
back	de volta
bacterium	bactéria
Badge	Distintivo
badger	texugo
bag	sacola
Bag	Sacola
bagpipe	gaita de foles
Baguette	baguete
Baker	padeiro
balance	Saldo
balanced	equilibrado
bald	Careca
Baldness	Calvície
ball	bola
ball	bola
ballet	balé
Ban	Banimento
Banana	Banana
Band	Banda
bandage	curativo
bandage	curativo
bangladesh	Bangladesh
bank	banco
bank	banco
bank	banco
bank	banco
Baobab	Baobá
baptism	batismo
baptize	batizar
bar	bar
barbecue	churrasco
barely	por muito pouco
Bark	Latido
Bark	Latido
Bark	Latido
bark	latido
Barn	Celeiro
barometer	barômetro
Baron	Barão
Barrack	quartel
barrel	barril
barrel	barril
barrier	barreira
barrier	barreira
basalt	basalto
base	base
baseball	beisebol
basement	porão
basement	porão
bashful	tímido
basic	básico
Basil	Manjericão
Basilica	Basílica
Basin	Bacia
basket	cesta
basket	cesta
basketball	basquetebol
Bat	Bastão
batalion	batalhão
Bather	Banhista
bathrobe	roupão de banho
bathroom	banheiro
Bathtub	Banheira
Baton	Bastão
battery	bateria
battery	bateria
battery	bateria
battle	batalha
Bay	Baía
be	ser
beach	de praia
beak	bico
bean	feijão
Bear	Urso
Beard	Barba
beautiful	lindo
beauty	beleza
because	Porque
bed	cama
Bee	Abelha
beef	carne
beef	carne
beer	Cerveja
beet	beterraba
beetle	besouro
before	antes da
before	antes da
before	antes da
Beggar	Mendigo
beginner	principiante
begin	começar
behavior	comportamento
behind	atras do
Beige	Bege
believe	acreditam
believer	crente
bell	Sino
bell	Sino
bell	Sino
belly	barriga
Belt	Cinto
bend	dobrar
benefit	beneficiar
bent	dobrado
bet	aposta
betrayal	traição
between	entre
beyond	além
bible	Bíblia
bibliography	bibliografia
bicep	bíceps
bike	bicicleta
Bikini	Bikini
Bilingual	bilíngue
bill	conta
bill	conta
Binder	Encadernador
binocular	binocular
biochemistry	bioquímica
biodiversity	biodiversidade
biography	biografia
biologist	biólogo
biology	biologia
bird	pássaro
birth	nascimento
birthday	aniversário
biscuit	bolacha
Bishop	Bispo
bison	búfalo
Bistro	Bistro
bite	morder
bite	morder
bitter	amargo
bituman	betume
black	Preto
Blackbird	Passaro preto
bladder	bexiga
blade	lâmina
Blasphemy	Blasfêmia
blast	explosão
blast	explosão
bleat	balir
bleed	sangrar
Bless	Abençoar
blind	cego
blindness	cegueira
blinker	pisca pisca
blinker	pisca pisca
Blockade	Bloqueio
blood	sangue
blood	sangue
blood	sangue
blue	azul
Blueberry	Mirtilo
Blurry	embaçado
boa	boa
boar	javali
board	quadro
boarding	embarque
boat	barco
body	corpo
body	corpo
Bodyguard	Escolta
boil	ferver
boiler	caldeira
boil	ferver
Bold	Audacioso
bolt	parafuso
bomb	bombear
bomb	bombear
bomber	bombardeiro
bombing	bombardeio
bombing	bombardeio
bone	osso
book	livro
book	livro
book	livro
bookstore	livraria
boot	bota
border	fronteira
bored	entediado
boredom	tédio
boring	tedioso
borrow	pedir emprestado
borrow	pedir emprestado
boss	chefe
boss	chefe
Botanist	Botânico
bottle	garrafa
Bouncer	Segurança
bind	ligar
bouquet	ramalhete
bourgeoisie	burguesia
bow	arco
bow	arco
bowl	tigela
bowl	tigela
box	caixa
boyfriend	namorado
bra	sutiã
bracelet	pulseira
brain	cérebro
brake	freio
branch	ramo
Brazil	Brasil
brazilian	brasileiro
breach	violação
bread	pão
Breadboard	Protoboard
break	parar
break	parar
Breakdown	Discriminação
Breaker	Disjuntor
breakfast	café da manhã
breakfast	café da manhã
breakout	saia
Breakthrough	Avanço
breast	seios
breath	respiração
Breathe	Respirar
Breathe	Respirar
breed	raça
breeding	Reprodução
breeze	brisa
bribe	suborno
bridge	ponte
bridge	ponte
briefcase	pasta
bring	trazer
british	britânico
break	parar
bronchitis	bronquite
bronze	bronze
brook	Ribeiro
broom	vassoura
brother	irmão
brotherhood	fraternidade
Brown	Marrom
brush	escovar
brush	escovar
brush	escovar
brutal	brutal
bubble	bolha
Bucket	Balde
buddhism	budismo
buddhist	budista
budget	orçamento
Buffalo	Búfalo
Buffet	Bufê
bug	incomodar
build	construir
building	prédio
Bulb	Lâmpada
bull	touro
Bulldozer	escavadeira
bullet	bala
bumper	Parachoque
buoy	bóia
bureaucracy	burocracia
burglar	assaltante
burglary	roubo
burial	enterro
bury	enterrar
Burma	Birmânia
burn	queimar
burn	queimar
burn	queimar
bus	ônibus
Bush	Arbusto
Bushel	Alqueire
bust	busto
but	mas
butcher	açougueiro
Butcher	Açougueiro
butter	manteiga
butterfly	borboleta
buttock	nádega
button	botão
buy	Comprar
buyer	comprador
buyer	comprador
ceo	CEO
cabbage	repolho
cabin	cabine
cabin	cabine
cabin	cabine
cadence	cadência
café	cafeteria
cage	cela
cake	bolo
calcium	cálcio
calculation	Cálculo
calculator	calculadora
calendar	calendário
calf	bezerro
calibration	calibração
calibration	calibração
call	ligar
call	ligar
calmly	calmamente
calorie	caloria
Cambodia	Camboja
camcorder	filmadora
camera	Câmera
cameraman	cinegrafista
camouflage	camuflar
camouflage	camuflar
camp	acampamento
campaign	campanha
Camper	Campista
camping	acampamento
can	posso
can	posso
can	posso
can	posso
can	posso
Canada	Canadá
canary	canário
cancer	Câncer
candidate	candidato
canine	canino
can	posso
Canoe	Canoa
canteen	cantina
Canvas	Tela
cap	boné
cap	boné
cap	boné
capable	capaz
cape	capa
capillary	capilar
capital	capital
capital	capital
capital	capital
capitalist	capitalista
capsule	cápsula
captain	capitão
captain	capitão
car	carro
Carafe	Garrafa
caramel	caramelo
Caravan	Caravana
Caravan	Caravana
caravel	caravela
carcass	carcaça
carcinogenic	cancerígeno
card	cartão
Cardboard	Cartão
Cardinal	Cardeal
career	carreira
carefree	despreocupado
careful	cuidadoso
carefully	com cuidado
careless	descuidado
Carelessly	Descuidadamente
Caretaker	Zelador
cargo	carga
caricature	caricatura
caricaturist	caricaturista
carnival	carnaval
carp	carpa
carpenter	carpinteiro
carpenter	carpinteiro
carrot	cenoura
Cartridge	Cartucho
cascade	cascata
case	caso
case	caso
cashier	caixa
cast	elenco
Castle	Castelo
Castle	Castelo
cat	gato
Catapult	Catapulta
catastrophe	catástrofe
catch	truque
categorization	categorização
category	categoria
caterpillar	lagarta
catfish	peixe-gato
catholic	católico
catholicism	catolicismo
Cattle	Gado
cauliflower	couve-flor
cause	causa
cause	causa
caution	Cuidado
cavalry	cavalaria
Cave	Caverna
Cavern	Caverna
caviar	caviar
cavity	cavidade
caw	caw
cease	cessar
Cedilla	Cedilha
ceiling	teto
celebrity	celebridade
cell	célula
cell	célula
Cello	Violoncelo
celtic	céltico
cement	cimento
cemetery	cemitério
censorship	censura
cent	centavo
centimeter	centímetro
Centipede	Centopéia
centralization	centralização
centre	Centro
century	século
cereal	cereal
ceremony	cerimônia
certain	certo
cetacean	cetáceo
chain	corrente
challenge	desafio
Chambermaid	camareira
chameleon	camaleão
champion	campeão
champion	campeão
championship	campeonato
chance	chance
chance	chance
Chandelier	Lustre
change	mudança
change	mudança
change	mudança
change	mudança
chapel	capela
character	personagem
character	personagem
charger	carregador
charge	carregar
charity	caridade
Charm	Charme
charming	encantador
Chart	Gráfico
cheap	barato
check	Verifica
checker	verificador
checkmate	xeque-mate
cheek	bochecha
cheekbone	maçã do rosto
cheerful	alegre
cheese	queijo
chemist	químico
chemist	químico
chemist	químico
chemist	químico
chemistry	química
cherry	cereja
chess	xadrez
Chestnut	castanha
Chestnut	castanha
chick	garota
chicken	frango
childhood	infância
childish	infantil
child	filho
Chile	Chile
chimney	chaminé
chimpanzee	chimpanzé
Chin	Queixo
China	China
China	China
chinese	chinês
chinese	chinês
chive	cebolinha
chocolate	chocolate
chocolate	chocolate
choose	escolher
chopstick	pauzinho
choreography	coreografia
christian	cristão
christianity	cristandade
Christmas	Natal
Chuckle	risada
church	igreja
Cicada	Cigarra
cider	cidra
cigar	charuto
cinema	cinema
Cinnamon	Canela
circumcise	circuncidar
circumcision	circuncisão
Circus	Circo
cistern	cisterna
citizenship	cidadania
civilian	civil
civilisation	civilização
clan	clã
clandestineness	clandestinidade
clarify	esclarecer
clash	choque
class	classe
classic	clássico
classmate	colega de classe
clause	cláusula
clavicle	clavícula
claw	garra
claws	garras
clay	argila
clean	limpar
clean	limpar
cleaning	limpeza
cleanliness	limpeza
Clear	Claro
Clergy	Clero
clever	inteligente
cleverly	inteligentemente
Clientele	Clientela
cliff	penhasco
climate	clima
climb	escalar
Climber	alpinista
Clone	Clone
close	perto
close	perto
close	perto
close	perto
closing	fechando
clot	coágulo
Clothe	Vestir
Cloud	Nuvem
clue	dica
clumsy	desajeitado
coach	treinador
coal	carvão
coastguard	guarda Costeira
coat	casaco
cobra	cobra
cock	galo
cockatoo	cacatua
cockroach	barata
coconut	coco
cocoon	casulo
Cod	Bacalhau
code	código
coffee	café
coffee	café
coffin	caixão
coherence	coerência
coin	moeda
coincidence	coincidência
colander	escorredor de macarrão
cold	resfriado
cold	resfriado
cold	resfriado
cold	resfriado
coldly	friamente
collaboration	colaboração
Colombia	Colômbia
colonial	colonial
colonization	colonização
colony	colônia
colour	cor
colouring	coloração
colt	potro
Column	Coluna
Coma	Coma
comb	pentear
combat	combate
combination	combinação
come	venha
comedy	comédia
Comet	Cometa
comfortable	confortável
comfortably	confortavelmente
Comma	Vírgula
comment	Comente
Commission	Comissão
commissioner	comissário
commonplace	comum
communion	comunhão
communist	comunista
community	comunidade
company	companhia
comparable	comparável
compartment	compartimento
compartment	compartimento
compass	bússola
compensation	compensação
competitive	competitivo
competitiveness	competitividade
complaint	reclamação
completely	completamente
completely	completamente
complex	complexo
complicated	complicado
compliment	elogio
composer	compositor
composition	composição
compost	composto
compulsory	obrigatório
computer	computador
computing	Informática
conceivable	concebível
concentration	concentração
conception	concepção
conditionner	condicionador
condolence	pêsames
Condom	Preservativo
condor	condor
conference	conferência
Confident	Confiante
confine	limitar
confrontation	confronto
confuse	confundir
Congress	Congresso
connection	conexão
connexion	conexão
conquest	conquista
conscious	consciente
conscription	recrutamento
consensus	consenso
Consequence	Consequência
conservatoire	conservatório
consist	consiste
constantly	constantemente
constellation	constelação
constitution	constituição
construction	construção
consulate	consulado
consumption	consumo
contagious	transmissível
contain	conter
contain	conter
container	recipiente
contamination	contaminação
contamination	contaminação
contempt	desprezo
contemptuous	desdenhoso
content	contente
continent	continente
continuous	contínuo
continuous	contínuo
continuously	continuamente
contraception	anticoncepcional
contract	contrato
contract	contrato
contrary	contrário
contribute	contribuir
Controller	Controlador
conversation	conversação
conversion	conversão
convince	convencer
convincing	convincente
convincing	convincente
Cook	Cozinhar
Cook	Cozinhar
cook	cozinheiro
coop	gaiola
copier	copiadora
copper	cobre
copy	cópia de
coral	coral
coriander	coentro
cork	cortiça
Cork	Cortiça
corn	milho
corner	canto
corporal	corporal
corpse	cadáver
correction	correção
correspondence	correspondência
corrupt	corromper
corrupt	corromper
corruption	corrupção
cortege	cortejo
cost	custo
costume	traje
cotton	algodão
couch	sofá
Couchette	Couchette
cough	tosse
cough	tosse
countryside	campo
county	município
court	quadra
cousin	prima
cousin	prima
cover	cobrir
cover	cobrir
cow	vaca
coward	covarde
coyote	coiote
crab	caranguejo
crack	rachadura
cradle	berço
craft	arte
craftsman	artesão
crane	guindaste
crash	batida
Crazy	Louco
cream	creme
creative	criativo
credibility	credibilidade
credit	crédito
cremation	cremação
crew	equipe técnica
crew	equipe técnica
cricket	Grilo
crime	crime
crime	crime
Crispy	Crocantes
criticism	crítica
crocodile	crocodilo
crook	trapaceiro
cross	Cruz
crossroad	cruzamento
crow	corvo
crucifix	crucifixo
Cruel	Cruel
cruelty	crueldade
Crumb	Migalha
crust	crosta
Crustacean	Crustáceo
cry	choro
crystal	cristal
Cucumber	Pepino
culture	cultura
cumin	cominho
cup	copo
cupboard	armário
curfew	toque de recolher
Curly	Encaracolado
currency	moeda
current	atual
curse	xingamento
curse	xingamento
curtain	cortina
curve	curva
customer	cliente
custom	personalizadas
cut	cortar
cut	cortar
cutlery	talheres
cutlery	talheres
cynical	cínico
cynicism	cinismo
Daily	Diário
Dam	Barragem
Dam	Barragem
damage	dano
dance	dança
dancer	dançarino
dancer	dançarino
dandruff	caspa
danger	perigo
dangerous	perigoso
dark	Sombrio
dark	Sombrio
dark	Sombrio
dark	Sombrio
datum	dado
date	encontro
daughter	filha
dawn	alvorecer
dawn	alvorecer
day	dia
day	dia
day	dia
daylight	luz do dia
de	de
deadline	data limite
deaf	surdo
dealer	distribuidor
dealer	distribuidor
death	morte
debit	débito
debt	dívida
decade	década
decade	década
deceive	enganar
December	dezembro
decision	decisão
decontamination	descontaminação
decrease	diminuir
decrease	diminuir
deep	profundo
deep	profundo
deer	cervo
defeaning	defensivo
defeat	derrota
defend	defender
Defender	Defensor
deficiency	deficiência
definitely	definitivamente
definition	definição
deforestation	desmatamento
degree	grau
deity	divindade
delay	atraso
delete	excluir
Delicious	Delicioso
delinquency	delinquência
delivery	Entrega
delivery	Entrega
democracy	democracia
demon	demônio
demonstartor	demonstrador
demonstration	demonstração
demonstration	demonstração
demonstration	demonstração
density	densidade
density	densidade
dent	dente
Dentist	Dentista
departure	partida
deposit	depósito
deposit	depósito
depression	depressão
depth	profundidade
deputy	deputado
descend	descer
describe	descrever
description	Descrição
desert	deserto
desert	deserto
deserter	desertor
desertification	desertificação
desertion	deserção
design	Projeto
desire	desejo
desire	desejo
desire	desejo
desk	mesa
desperate	desesperado
desperate	desesperado
despite	apesar de
despite	apesar de
dessert	sobremesa
destination	destino
destiny	destino
destruction	destruição
detail	detalhe
detail	detalhe
detective	detetive
detective	detetive
determination	determinação
determine	determinar
determine	determinar
devil	diabo
dew	orvalho
diabetes	diabetes
Diagram	Diagrama
dialect	dialeto
diamond	diamante
diarrhea	diarréia
dice	dados
dictation	ditado
dictator	ditador
dictatorship	ditadura
diesel	diesel
diet	dieta
diet	dieta
difference	diferença
different	diferente
difficulty	dificuldade
Digital	Digital
dilapidate	dilapidado
dilution	diluição
dimension	dimensão
dinner	jantar
dinosaur	dinossauro
diplomacy	diplomacia
diplomat	diplomata
director	diretor
director	diretor
dirty	sujo
disabled	Desativado
disadvantage	desvantagem
disadvantageous	desvantajoso
disappearance	desaparecimento
disappointment	desapontamento
discipline	disciplina
discipline	disciplina
discount	desconto
discount	desconto
discourage	desencorajar
discover	descobrir
discovery	descoberta
disgust	desgosto
disgusting	repugnante
dish	prato
dish	prato
dishonest	desonesto
dishonesty	desonestidade
dishwasher	lava-louças
disinfectant	desinfetante
dismiss	dispensar
disobedient	desobediente
displeased	descontente
disrespectful	desrespeitoso
distillation	destilação
diver	mergulhador
diversity	diversidade
divorce	divórcio
divorce	divórcio
divorce	divórcio
do	Faz
do	Faz
dock	doca
doctor	médico
doctor	médico
doctrine	doutrina
doe	corça
dog	cão
doll	boneca
dolphin	golfinho
domestic	doméstico
dominate	dominar
donkey	asno
donut	rosquinha
doormat	capacho
doorway	entrada
doping	doping
dormitory	dormitório
double	em dobro
doubt	dúvida
doubt	dúvida
dozen	dúzia
dragon	Dragão
dragonfly	libélula
drainboard	escorredor
drastic	drástico
draw	empate
draw	empate
drawer	gaveta
drawing	desenho
dreadful	terrível
dream	Sonhe
dress	vestir
drill	furar
drilling	perfuração
drink	beber
driver	condutor
driver	condutor
drizzle	chuvisco
dromedary	dromedário
drop	derrubar
drop	derrubar
drought	seca
drug	medicamento
drug	medicamento
drum	tambor
drum	tambor
drunk	bêbado
drunkard	bêbado
duck	pato
duckle	patinho
dull	maçante
dull	maçante
dullness	embotamento
dune	duna
Dungeon	Masmorra
during	durante
dust	pó
duty	dever
duvet	edredon
dwarf	anão
Dye	Corante
dyke	sapatona
dynamite	dinamite
dynasty	dinastia
dysentery	disenteria
er	er
each	cada
eagle	águia
ear	orelha
Eardrum	tímpano
early	cedo
earphone	fone de ouvido
earring	brinco
earth	terra
earth	terra
earthquake	terremoto
earthquake	terremoto
easily	facilmente
east	leste
Easter	Páscoa
easy	fácil
eat	comer
eatable	comestível
eclipse	eclipse
Ecologist	Ecologista
Ecologist	Ecologista
ecology	ecologia
ecology	ecologia
economic	econômico
economist	economista
economy	economia
ecosystem	ecossistema
ecuador	Equador
edge	borda
edible	comestível
editing	editando
edition	edição
education	Educação
eel	enguia
effective	eficaz
effeminate	efeminado
efficiency	eficiência
efficient	eficiente
efficiently	eficientemente
effort	esforço
egalitarian	igualitário
egg	ovo
eggplant	beringela
eight	oito
eighteen	dezoito
eighth	oitavo
eighty	oitenta
elbow	cotovelo
eldest	mais velho
election	eleição
electrician	eletricista
electron	elétron
electronic	eletrônico
elegance	elegância
elephant	elefante
elevator	elevador
eleven	onze
Elite	Elite
Elitist	Elitista
elsewhere	em outro lugar
email	o email
embargo	embargo
embarrassing	embaraçoso
embassy	embaixada
ember	brasa
emigration	emigração
emotion	emoção
emotional	emocional
emotional	emocional
emotional	emocional
empathy	empatia
emperor	imperador
employee	empregado
employee	empregado
employer	Empregador
empty	vazio
Encyclopedia	Enciclopédia
end	fim
endless	sem fim
enemy	inimigo
energy	energia
energy	energia
energy	energia
engine	motor
engineer	engenheiro
engineering	Engenharia
England	Inglaterra
english	inglês
english	inglês
engrave	gravar
enigmatic	enigmático
enjoyable	agradável
Enlighten	iluminar
enough	o suficiente
enough	o suficiente
enough	o suficiente
enrollment	inscrição
enthusiasm	entusiasmo
enthusiastic	entusiasmado
Entr'acte	Entre
envelope	envelope
envious	invejoso
environment	meio Ambiente
Epilepsy	Epilepsia
episode	episódio
equal	igual
equality	igualdade
equation	equação
equipment	equipamento
equipment	equipamento
equipment	equipamento
equivalent	equivalente
erosion	erosão
escape	escapar
escort	escolta
especially	especialmente
essential	essencial
estimate	estimativa
estimation	estimativa
estuary	estuário
euphoric	eufórico
Europe	Europa
Evacuate	Evacuar
evacuation	evacuação
evaluation	avaliação
evaporation	evaporação
evasion	evasão
eve	véspera
even	até
evening	tarde
event	evento
event	evento
everyone	todos
everywhere	em toda parte
eviction	despejo
evidence	evidência
evolution	evolução
evolve	evoluir
exacting	exigente
examine	examinar
example	exemplo
excellent	excelente
except	exceto
exception	exceção
exceptionally	excepcionalmente
exceptionnal	excepcional
excuse	com licença
execution	execução
executioner	carrasco
executive	executivo
Exemplary	Exemplar
exercise	exercício
exhaust	escape
exhaust	escape
exhaust	escape
exhaust	escape
exhaust	escape
exhaustion	exaustão
exhibition	exibição
exile	exílio
Expatriot	Expatriado
expensive	caro
experience	experiência
experience	experiência
experience	experiência
expert	especialista
explain	explique
exploitation	exploração
explore	explorar
Explorer	Explorador
export	exportar
extension	extensão
extinction	extinção
extortion	extorsão
extra	extra
extra	extra
extract	extrair
extract	extrair
extraordinary	extraordinário
extreme	extremo
extremist	extremista
Extrovert	Extrovertido
eye	olho
eyebrow	sobrancelha
eyelash	Cílio
eyelid	pálpebra
fable	fábula
fable	fábula
face	enfrentar
face	enfrentar
factor	fator
factory	fábrica
factory	fábrica
facultative	facultativo
failure	falha
failure	falha
faint	desmaiar
fair	feira
fair	feira
fairly	com justiça
faith	fé
faithful	fiel
Falcon	Falcão
fall	cair
family	família
famine	fome
famous	famoso
famous	famoso
fan	fã
fan	fã
fanatic	fanático
Fang	presa
fantasy	fantasia
far	distante
far	distante
farm	Fazenda
farmer	agricultor
farmer	agricultor
farmer	agricultor
fascinating	fascinante
fascist	fascista
fast	velozes
Fasten	apertar
fat	gordo
fat	gordo
fatal	fatal
fatally	fatalmente
Father	Pai
fatigue	fadiga
fault	culpa
Fauna	Fauna
favor	Favor
favorable	favorável
fawn	fulvo
fear	temer
fearful	medroso
Feather	Pena
February	Fevereiro
feed	alimentação
feel	sentir
feel	sentir
feel	sentir
feel	sentir
feline	felino
female	fêmea
feminine	feminino
femur	fêmur
fence	cerca
fencing	esgrima
fermentation	fermentação
ferry	balsa
ferry	balsa
fertile	fertil
fertility	fertilidade
Fertilizer	Fertilizante
fever	febre
feverish	febril
fictional	fictício
field	campo
fifteen	quinze
fifth	quinto
fifth	quinto
fifty	cinquenta
fig	FIG
fight	lutar
fight	lutar
file	Arquivo
file	Arquivo
file	Arquivo
file	Arquivo
filter	filtro
fin	barbatana
fin	barbatana
final	final
finalist	finalista
finally	finalmente
financial	financeiro
find	achar
fine	multar
fine	multar
finger	dedo
finish	Finalizar
finish	Finalizar
fire	incêndio
fire	incêndio
firecracker	bombinha
firework	fogo de artifício
firmly	firmemente
first	primeiro
first	primeiro
first	primeiro
fish	peixe
fisherman	pescador
fishing	pescaria
fishing	pescaria
fist	punho
five	cinco
fix	fixar
flag	bandeira
flame	chama
Flamingo	Flamingo
flask	frasco
flat	apartamento
flatmate	colega de apartamento
flavor	sabor
flea	pulga
fleet	frota
flexible	flexível
flight	voar
flight	voar
flight	voar
flip	virar
flood	enchente
floor	piso
flora	flora
flour	farinha
flow	fluxo
flower	flor
Flu	Gripe
flush	rubor
flute	flauta
fly	voe
fly	voe
foam	espuma
focus	foco
focus	foco
fog	névoa
food	Comida
foot	pé
foot	pé
footbridge	passarela
forbid	proibir
force	força
forearm	antebraço
Forehead	Testa
foreigner	estrangeiro
forest	floresta
forever	para todo sempre
forget	esquecer
forgive	perdoar
fork	garfo
form	Formato
formality	formalidade
format	formato
formula	Fórmula
Fortieth	Quadragésimo
fortification	fortificação
forty	quarenta
forty	quarenta
fossil	fóssil
Foster	Fomentar
Foulard	Foulard
foundation	Fundação
found	encontrado
fountain	fonte
four	quatro
fourteen	quatorze
fourth	quarto
Fox	Raposa
fracture	fratura
fragment	fragmento
France	França
Frank	franco
fraud	fraude
freedom	liberdade
freeze	congelar
freezer	congelador
french	francês
french	francês
frequent	freqüente
fry	fritar
friend	amigo
friend	amigo
friendly	amigáveis
friendship	amizade
frigate	fragata
frog	rã
front	frente
frost	geada
frost	geada
frost	geada
frost	geada
frozen	congeladas
frozen	congeladas
fruit	fruta
Fry	Fritar
fuel	combustível
fuel	combustível
fugitive	fugitivo
full	cheio
functioning	funcionando
fundamentalist	fundamentalista
funeral	funeral
funny	engraçado
funny	engraçado
fur	pelagem
furnish	fornecer
furniture	mobiliário
fuse	fusível
future	futuro
futuristic	futurista
g	g
GMO	OGM
gps	GPS
galant	galante
Galaxy	Galáxia
galleon	galeão
Gallon	Galão
gallop	galope
game	jogos
game	jogos
game	jogos
gap	Gap = Vão
gap	Gap = Vão
garage	garagem
gardener	jardineiro
gardening	jardinagem
Garlic	Alho
gaseous	gasoso
gasoline	Gasolina
Gastroenterologist	Gastroenterologista
gate	portão
general	em geral
generally	geralmente
generation	geração
generator	gerador
generous	generoso
generously	generosamente
genetic	genético
Geneticist	Geneticista
genius	gênio
genocide	genocídio
genome	genoma
geologist	geólogo
geology	geologia
geometry	geometria
geopolitic	geopolítico
german	alemão
german	alemão
Germany	Alemanha
ghost	fantasma
gifted	dotado
gifted	dotado
Giraffe	Girafa
Girlfriend	Amiga
give	dar
glaciation	glaciação
glacier	geleira
Glade	clareira
Glass	Vidro
Glass	Vidro
Glass	Vidro
glass	vidro
glider	planador
globalization	globalização
gloomy	sombrio
glove	luva
glow	brilho
glue	cola
glutton	glutão
gluttony	gula
glycemia	glicemia
go	vai
goal	meta
goal	meta
goat	cabra
goat	cabra
Goddaughter	Afilhada
goddess	deusa
godfather	Padrinho
Godmother	Madrinha
god	Deus
Godson	Afilhado
gold	ouro
goldfish	peixinho dourado
Goodwill	Boa vontade
goose	ganso
gorilla	gorila
government	governo
government	governo
governor	governador
gradually	gradualmente
Graft	Enxerto
grain	grão
gram	grama
grammar	gramática
granddaughter	neta
grandfather	Vô
grandmother	avó
granite	granito
grape	uva
graphic	gráfico
grass	Relva
grasshopper	gafanhoto
grate	grato
grate	grato
grateful	grato
Grave	Cova
gravitation	gravitação
gravity	gravidade
Gray	Cinza
Greece	Grécia
green	verde
greengrocer	verdureiro
greenhouse	estufa
greenish	esverdeado
grenade	Grenade
grill	grade
grill	grade
grind	moer
Grocer	merceeiro
grocery	mercado
ground	chão
Groundwater	Lençóis freáticos
group	grupo
grove	Arvoredo
grudge	rancor
grunt	grunhido
guard	guarda
guest	convidado
guide	guia
guide	guia
guidepost	indicação
guilty	culpado
Guitar	Violão
Gulf	Golfo
gullible	crédulo
gum	Chiclete
gum	Chiclete
Gun	Pistola
gutter	calha
gutter	calha
gymnasium	ginásio
gymnast	ginasta
habit	hábito
habitat	habitat
hacking	hacking
hail	saudação
hair	cabelo
Hairdresser	Cabeleireiro
hairdryer	secador de cabelo
hairy	peludo
halberd	alabarda
half	metade
half	metade
halo	aréola
ham	presunto
hamlet	aldeia
hammer	martelo
Hamster	hamster
hand	mão
hand	mão
handbag	Bolsa
Handbag	Bolsa
Handball	Handebol
handcuff	algemar
handcuff	algemar
handicap	deficiência
handkerchief	lenço
handle	lidar com
handle	lidar com
handlebar	guidão
handsome	bonito
Hanger	Cabide
hang	pendurar
happen	acontecer
happiness	felicidade
happy	feliz
happy	feliz
harassment	assédio
Hare	lebre
harmless	inofensivo
harp	harpa
harvest	colheita
harvest	colheita
hat	chapéu
hatch	Escotilha
hate	odiar
hatred	ódio
haughty	arrogante
haunt	assombro
hay	feno
Hazelnut	Avelã
head	cabeça
headache	dor de cabeça
headlight	Farol
hear	ouvir
heart	coração
hearty	caloroso
heat	aquecer
heaven	paraíso
heavy	pesado
Hectare	Hectare
hedge	cerca
Hedgehog	Ouriço
heel	salto
heir	herdeiro
helicopter	helicóptero
hell	inferno
help	ajuda
Hematoma	Hematoma
hemorrhage	hemorragia
Hemp	Cânhamo
hen	galinha
hepatitis	hepatite
herbarium	herbário
herbicide	herbicida
herd	rebanho
herdsman	pastor
hereditary	hereditário
Heresy	Heresia
heritage	herança
Hermaphrodite	Hermafrodita
hernia	hérnia
heron	garça
hesitation	hesitação
heterogeneous	heterogêneo
Hexagon	Hexágono
hide	ocultar
hide	ocultar
hierarchy	hierarquia
high	Alto
highway	autoestrada
Hiker	alpinista
hiking	caminhada
hiking	caminhada
hill	colina
himalayas	Himalaia
hindi	hindi
hindu	hindu
hinduism	hinduísmo
hip	quadril
historian	historiador
hitchhiker	Mochileiro
hive	colmeia
hobby	passatempo
hold	aguarde
hold	aguarde
hole	buraco
hole	buraco
holiday	feriado
holiday	feriado
holiday	feriado
Holland	Holanda
home	casa
homeland	terra natal
homework	trabalho de casa
homogeneous	homogêneo
honest	honesto
honestly	honestamente
honestly	honestamente
honesty	honestidade
honor	honra
hood	de capuz
hood	de capuz
hoof	casco
hook	gancho
hook	gancho
hoop	aro
hope	ter esperança
Horizon	Horizonte
horizontal	horizontal
hormone	hormônio
horn	chifre
horn	chifre
Horoscope	Horóscopo
horribly	horrivelmente
horse	cavalo
horsefly	mutuca
horticulture	horticultura
Hospipe	Mangueira
hospital	hospital
hospital	hospital
hospitality	hospitalidade
hostage	refém
hostility	hostilidade
hot	quente
hot	quente
hotel	hotel
hour	hora
hourglass	ampulheta
housing	habitação
how	Como as
however	Contudo
hull	casco
humanitarian	humanitário
humiliation	humilhação
humorist	humorista
Hundredth	Centésimo
hungry	com fome
hunter	caçador
hunt	caçar
hurricane	furacão
Hurt	Ferir
hydrology	hidrologia
Hyena	Hiena
hygiene	higiene
hygienic	higiênico
hypnosy	hipnose
hypothesis	hipótese
hysterical	histérico
icc	icc
ID	EU IRIA
IV	4
ice	gelo
ice	gelo
Iceberg	Iceberg
ideal	ideal
idealistic	idealista
identical	idêntico
identity	identidade
ideology	ideologia
idiomatic	idiomático
idiot	idiota
idle	parado
idol	ídolo
ignition	ignição
ignorance	ignorância
Ill	Doente
illegal	ilegal
illegally	ilegalmente
illegally	ilegalmente
illiterate	analfabeto
illness	doença
illumination	iluminação
illustration	ilustração
imaginary	imaginário
imagination	imaginação
imaginative	imaginativo
imam	imam
imitate	imitar
immediately	imediatamente
immigration	imigração
immortal	imortal
immortality	imortalidade
immunity	imunidade
immunize	imunizar
impartiality	imparcialidade
impassable	intransitável
impassable	intransitável
impatience	impaciência
impatient	impaciente
impermeable	impermeável
Impertinent	Impertinente
Impertinent	Impertinente
implicitly	implicitamente
impopular	impopular
importance	importância
impossible	impossível
Impressionism	Impressionismo
impressionist	impressionista
impressive	impressionante
improvement	melhoria
improvisation	improvisação
impulsive	impulsivo
impulsiveness	impulsividade
in	dentro
inability	incapacidade
inaccessible	inacessível
inaccurate	impreciso
inadmissible	inadmissível
inapropriate	inapropriado
incapable	incapaz
incense	incenso
inch	polegada
inch	polegada
incident	incidente
include	incluir
include	incluir
incoherence	incoerência
incoherent	incoerente
incompetence	incompetência
incompetent	incompetente
incompetent	incompetente
incomplete	incompleto
incomprehensible	incompreensível
inconsolable	inconsolável
increase	aumentar
increase	aumentar
increase	aumentar
increase	aumentar
increasingly	cada vez mais
indecent	indecente
indeed	na verdade
independence	independência
independent	independente
index	índice
India	Índia
indigestion	indigestão
indisputably	indiscutivelmente
individual	Individual
individualistic	individualista
individually	individualmente
Indonesia	Indonésia
indulgence	indulgência
indulgent	indulgente
Industrial	Industrial
industrialist	industrial
industrialize	industrializar
inequality	desigualdade
inevitable	inevitável
inexorably	inexoravelmente
inexperienced	inexperiente
infantry	infantaria
infarct	infarto
infection	infecção
infidelity	infidelidade
infinite	infinito
infinity	infinidade
inflammable	inflamável
inflammation	inflamação
inflation	inflação
inflexible	inflexível
influential	influente
informal	informal
infusion	infusão
ingenious	engenhoso
ingot	lingote
ingredient	ingrediente
initially	inicialmente
injection	injeção
injection	injeção
innate	inato
innocence	inocência
innocent	inocente
innovation	inovação
innovative	Inovativa
Insect	Inseto
Insecticide	Inseticida
insecurity	insegurança
Insensitive	Insensível
inside	lado de dentro
inside	lado de dentro
insistent	insistente
insolence	insolência
insomnia	insônia
inspiration	inspiração
installation	instalação
instinct	instinto
instinctive	instintivo
instinctively	instintivamente
Institute	Instituto
instruction	instrução
instrument	instrumento
insulation	isolamento
insurance	seguro
insurance	seguro
insurmontable	intransponível
insurrection	insurreição
intellectual	intelectual
intelligence	inteligência
intensity	intensidade
intensive	intensivo
intention	intenção
interactive	interativo
intern	estagiário
internet	Internet
interpretation	interpretação
interpreter	intérprete
interrupt	interromper
interval	intervalo
intervention	intervenção
intervention	intervenção
interview	entrevista
intestine	intestino
invade	invadir
invasion	invasão
invent	inventar
invention	invenção
inventor	inventor
investigation	investigação
investigator	investigador
investment	investimento
investor	investidor
invisible	invisível
invite	convidar
involuntary	involuntário
Iraq	Iraque
ironic	irônico
irony	ironia
irresponsible	irresponsável
irreversible	irreversível
irrigation	irrigação
irritable	irritável
irritable	irritável
irritating	irritante
irritation	irritação
Islam	islamismo
island	ilha
isolation	isolamento
Israel	Israel
issue	questão
italian	italiano
italian	italiano
Italics	Itálico
Italy	Itália
its	Está
its	Está
Jackal	Chacal
jacket	jaqueta
jacket	jaqueta
Jade	Jade
Jam	Geléia
January	Janeiro
Japan	Japão
japanese	japonês
japanese	japonês
javelin	dardo
Jaw	Mandíbula
Jaw	Mandíbula
jealous	com ciumes
jealousy	ciúmes
jean	jeans
jeep	jipe
Jelly	Geléia
jellyfish	medusa
jet	jato
Jetlag	Jet lag
jeweler	joalheiro
jewelry	joia
jewelry	joia
jewish	judaico
job	trabalho
joke	Piada
joke	Piada
jolt	solavanco
journalism	jornalismo
journalist	jornalista
joy	alegria
judaism	judaísmo
Judge	Juiz
juggling	malabarismo
juice	suco
jump	pular
jump	pular
jungle	selva
jurist	jurista
jury	júri
justice	justiça
kangaroo	canguru
Kebab	Churrasquinho
keep	guarda
keep	guarda
kennel	canil
kettle	chaleira
keyboard	teclado
key	chave
kid	miúdo
kidnap	sequestrar
kidney	rim
kill	matar
Kilogram	Quilograma
Kilometer	Quilômetro
kind	Gentil
kindness	gentileza
king	rei
king	rei
Kiosk	Quiosque
kiss	beijo
kite	pipa
kite	pipa
Kitten	Gatinho
knee	joelho
Kneecap	Rótula
knife	faca
knife	faca
Knight	Cavaleiro
know	conhecer
Koala	coala
koran	Alcorão
ladder	escada
ladle	concha
lagoon	lagoa
lake	lago
Lamb	Cordeiro
lame	muito ruim
land	terra
land	terra
landscape	paisagem
landslide	deslizamento de terra
language	Língua
language	Língua
Larva	Larva
laser	laser
last	último
late	tarde
latecomer	retardatário
later	mais tarde
Laugh	Riso
launch	lançar
launch	lançar
laundry	lavanderia
lava	lava
law	lei
lawn	grama
lawn	grama
lawyer	advogado
layoff	demitir
laziness	preguiça
lazy	preguiçoso
lazy	preguiçoso
lead	conduzir
lead	conduzir
lead	conduzir
leaf	folha
league	liga
leak	vazar
learn	aprender
learn	aprender
leather	couro
leech	sanguessuga
leek	alho-poró
leave	sair
leave	sair
leg	perna
leg	perna
legal	jurídico
legend	lenda
legitimate	legítimo
lemon	limão
lemonade	limonada
lend	emprestar
length	comprimento
lentil	lentilha
lentil	lentilha
less	menos
let	deixar
let	deixar
letter	carta
Lettuce	Alface
leukemia	leucemia
lever	alavanca
Liana	liana
liberal	liberal
liberalism	liberalismo
liberation	libertação
library	biblioteca
libya	Líbia
lie	mentira
lieutenant	tenente
life	vida
light	leve
light	leve
light	leve
lighthouse	farol
lightning	relâmpago
likely	provável
limestone	calcário
limit	limite
limpid	límpido
line	linha
line	linha
linguistic	linguística
link	link
lion	leão
lip	lábio
lipstick	batom
liqueur	licor
liquid	líquido
list	Lista
liter	litro
literature	literatura
little	pequena
liver	fígado
lizard	lagarto
loan	empréstimo
lobby	salão
lobster	lagosta
local	local
lock	trancar
lock	trancar
Locksmith	Chaveiro
locomotive	locomotiva
log	registro
logic	lógica
logical	lógico
logistic	logística
loneliness	solidão
long	grandes
long	grandes
long	grandes
longboat	escaler
longitude	longitude
lose	perder
lose	perder
loser	perdedor
lottery	loteria
loudly	ruidosamente
love	amor
low	baixo
Lozenge	Pastilha
lucidity	lucidez
lucky	afortunado
lucky	afortunado
lukewarm	morno
lull	calmaria
lullaby	canção de ninar
Lumbago	Lumbago
lunch	almoço
lung	pulmão
luxurious	luxuoso
luxury	luxo
lymph	linfa
Macaque	macaco
mach	mach
machete	facão
machine	máquina
mafia	máfia
maghreb	maghreb
magic	Magia
magical	mágico
Magician	Mágico
magma	magma
magnesium	magnésio
magnificent	magnífico
mahogany	mogno
main	a Principal
mainly	principalmente
maintenance	manutenção
major	formar-se
majority	maioria
make	faço
maker	criador
Malaria	Malária
mall	Shopping
mall	Shopping
Mammal	Mamífero
Man	Cara
management	gestão
manager	Gerente
Mandala	mandala
mandarin	mandarim
Mango	Manga
Maniac	Maníaco
manicure	manicure
manipulation	manipulação
mankind	humanidade
manslaughter	homicídio culposo
manure	estrume
manure	estrume
Map	Mapa
Maracuja	maracujá
marathon	maratona
marble	mármore
marble	mármore
March	Marchar
mare	égua
margin	margem
market	mercado
market	mercado
marketing	marketing
marmot	marmota
marriage	casado
marry	casar
marry	casar
marsh	pântano
marshy	pantanoso
marsupial	marsupial
marxist	marxista
Mascara	Rímel
masculine	masculino
mask	mascarar
mason	pedreiro
mass	massa
massacre	massacre
massage	massagem
masseur	massagista
Mast	Mastro
Mast	Mastro
master	mestre
Masterpiece	Obra-prima
match	Combine
mathematician	matemático
mathematic	matemática
Mattress	Colchão
mature	maduro
mauve	lilás
maximum	máximo
May	Poderia
maybe	pode ser
mayor	prefeito
meadow	Prado
measure	a medida
measure	a medida
meat	eu no
mechanic	mecânico
mechanic	mecânico
mechanically	mecanicamente
mechanically	mecanicamente
mechanic	mecânico
medal	medalha
media	meios de comunicação
medicine	medicamento
medicine	medicamento
medieval	medieval
mediocre	medíocre
meditate	meditar
meditation	meditação
Mediterranean	Mediterrâneo
meet	encontrar
meet	encontrar
meet	encontrar
melancholic	melancólico
Melon	Melão
melt	fundição
member	membro
member	membro
membership	Filiação
memorization	memorização
memory	memória
memory	memória
Menopause	Menopausa
mental	mental
mentality	mentalidade
Menu	Cardápio
meow	Miau
mercenary	mercenário
merrily	alegremente
mess	bagunça
message	mensagem
metal	metal
metamorphosis	metamorfose
metastasis	metástase
Meter	Metro
methane	metano
methodical	metódico
Metro	Metrô
metronome	metrônomo
Mexico	México
Microscope	Microscópio
microsecond	microssegundo
microwave	microondas
middle	meio
midnight	meia-noite
midwife	parteira
migrant	migrante
migration	migração
migratory	migratório
mile	milha
militia	milícia
mill	moinho
millennium	milênio
millet	painço
Millimeter	Milímetro
millipede	milípede
Millisecond	Milissegundo
minaret	minarete
mind	mente
mine	minha
mine	minha
mine	minha
Minefield	Campo minado
Miner	Mineiro
mineral	mineral
Minister	Ministro
minority	minoria
Mint	hortelã
minute	minuto
miracle	milagre
mirror	espelho
Misfortune	Infortúnio
miss	senhorita
missile	míssil
miss	senhorita
mission	missão
mist	névoa
mistake	erro
mite	ácaro
mix	misturar
mixer	misturador
mix	misturar
mobilization	mobilização
Model	Modelo
Model	Modelo
modern	moderno
modernity	modernidade
modest	modesto
Modesty	Modéstia
Molar	Molar
mold	bolor
mold	bolor
mole	toupeira
molecule	molécula
mollet	mollet
Mollusc	Molusco
monarchist	monarquista
monarchy	monarquia
Monastery	Mosteiro
mongoose	mangusto
Monk	Monge
monkey	macaco
monopoly	Monopólio
monthly	por mês
monument	monumento
Moo	moo
moon	lua
morale	moral
moratorium	moratória
more	mais
moreover	além disso
Morgue	Necrotério
morning	manhã
morning	manhã
Morocco	Marrocos
mortar	argamassa
mosque	mesquita
Mosquito	Mosquito
moth	mariposa
mother	mãe
motion	movimento
motivate	motivar
motive	motivo
motorcycle	motocicleta
mountain	montanha
mountaineer	alpinista
mouse	rato
mouse	rato
mouth	boca
move	jogada
mower	cortador de grama
mud	lama
muezzin	muezim
mule	mula
multicultural	multicultural
multiethnic	multiétnico
multiple	múltiplo
Mummy	Mamãe
murder	assassinato
muscle	músculo
museum	museu
mushroom	cogumelo
music	música
musician	músico
muslim	muçulmano
mustache	bigode
Mustard	Mostarda
mutation	mutação
mutineer	amotinado
Mutiny	motim
mutually	mutuamente
muzzle	focinho
mycosis	micose
mysteriously	misteriosamente
mystery	mistério
myth	mito
mythology	mitologia
nail	unha
Nails	Unhas
naive	ingénuo
naively	ingenuamente
naivety	ingenuidade
naked	nu
nanosecond	nanossegundo
nap	sesta
napkin	guardanapo
narcissistic	narcisista
narrow	estreito
narrow	estreito
nasty	desagradável
nasty	desagradável
nation	nação
National	Nacional
nationalism	nacionalismo
nationalist	nacionalista
nationality	nacionalidade
naturally	naturalmente
nature	natureza
naturist	naturista
navel	umbigo
Navy	Marinha
necessarily	necessariamente
necessary	necessário
neck	pescoço
neck	pescoço
necklace	colar
need	precisar
needle	agulha
negative	negativo
negligent	negligente
negotiate	negociar
negotiation	negociação
neigh	relinchar
neighbor	vizinho
neighborhood	vizinhança
neighbourhood	vizinhança
nephew	sobrinho
nerve	nervo
nervous	nervoso
nervousness	nervosismo
nest	ninho
net	internet
nettle	urtiga
network	rede
Neuron	neurônio
never	Nunca
new	novo
news	notícia
newspaper	jornal
next	próximo
next	próximo
nice	legais
nickname	apelido
niece	sobrinha
Nigeria	Nigéria
night	noite
nightclub	Boate
nightclub	Boate
night	noite
nimble	ágil
nine	nove
nineteen	dezenove
ninety	noventa
ninth	nono
nitrate	nitrato
nit	nit
no	não
nobility	nobreza
nobleman	nobre
noise	ruído
noisy	barulhento
Nomad	Nômade
north	norte
northern	norte
nose	nariz
nostalgia	nostalgia
nostalgic	nostálgico
notary	notário
note	Nota
note	Nota
nothing	nada
novel	novela
now	agora
now	agora
nowhere	lugar algum
nuisance	incômodo
number	número
Nurse	Enfermeira
Nurse	Enfermeira
nursery	berçário
Nutcracker	quebra-nozes
nut	porca
oat	aveia
obedient	obediente
obese	obeso
obesity	obesidade
object	objeto
objective	objetivo
observation	observação
observatory	observatório
obsess	obcecado
obsession	obsessão
obsolete	obsoleto
obstacle	obstáculo
obvious	óbvio
obvious	óbvio
obviously	obviamente
obviously	obviamente
obviously	obviamente
occasionally	ocasionalmente
occupation	ocupação
occupy	ocupar
occur	ocorrer
ocean	oceano
Octopus	Polvo
Octopus	Polvo
odourless	inodoro
oedema	edema
off	desligado
offender	ofensor
offensive	ofensiva
offering	oferta
office	escritório
official	oficial
officially	oficialmente
offset	Deslocamento
often	muitas vezes
oil	óleo
oil	óleo
oil	óleo
old	velho
old	velho
olympic	olímpico
omnivorous	onívoro
on	sobre
one	1
one	1
onion	cebola
only	só
only	só
open	abrir
open	abrir
operation	Operação
ophthalmologist	oftalmologista
opinion	opinião
opponent	oponente
opponent	oponente
opportunist	oportunista
opposition	oposição
optic	ótico
optimism	otimismo
optimistic	otimista
Orange	Laranja
Orange	Laranja
orbit	órbita
order	ordem
order	ordem
order	ordem
ordinary	comum
organ	órgão
organism	organismo
organization	organização
organizer	organizador
oriental	oriental
original	original
originality	originalidade
ornithologist	ornitólogo
ornithology	ornitologia
orphanage	orfanato
ostrich	avestruz
otherwise	por outro lado
otherwise	por outro lado
otter	lontra
out	Fora
outbuilde	construir
outrageous	ultrajante, ultrajoso
outside	fora
oval	oval
over	sobre
over	sobre
overdose	overdose
overestimate	superestimar
overfishing	sobrepesca
Overtake	Ultrapassar
overtime	ao longo do tempo
Ovum	Óvulo
owl	coruja
owl	coruja
own	ter
owner	proprietário
oyster	ostra
pacific	pacífico
pack	pacote
package	pacote
package	pacote
packing	embalagem
padlock	cadeado
padlock	cadeado
page	página
pain	dor
pain	dor
painkiller	analgésico
paint	pintar
painter	pintor
painting	quadro
painting	quadro
pair	par
Pakistan	Paquistão
palace	Palácio
palestine	Palestina
palm	Palma
pancrea	pâncreas
Panther	Pantera
pantie	calcinha
pant	calça
paper	papel
parachute	pára-quedas
parachuting	paraquedismo
parachuting	paraquedismo
parachutist	pára-quedista
paragraph	parágrafo
parakeet	periquito
paralysis	paralisia
parameter	parâmetro
paranoid	paranóico
parasite	parasita
parasol	sombrinha
parenthesis	parêntese
parent	pai
park	parque
parliament	parlamento
parrot	papagaio
parsley	salsinha
part	papel
part	papel
part	papel
participant	participante
particle	partícula
partisan	partidário
partition	partição
partner	parceiro
partner	parceiro
partnership	parceria
partridge	perdiz
party	Festa
party	Festa
passable	aceitável
passenger	passageiro
passport	Passaporte
past	passado
paste	colar
pastry	pastelaria
pastry	pastelaria
pastrycook	pasteleiro
pasture	pasto
patent	patente
patent	patente
paternal	paterno
path	caminho
patience	paciência
patient	paciente
patiently	pacientemente
patrimony	patrimônio
patriot	patriota
patrol	patrulha
pave	pavimentar
paw	pata
pawn	penhor
pawn	penhor
pay	pagar
pay	pagar
peace	Paz
peaceful	pacífico
peaceful	pacífico
peaceful	pacífico
peanut	amendoim
pear	pera
pearl	pérola
pea	ervilha
pedal	pedal
pedicure	pedicure
pee	xixi
peel	descasca
peel	descasca
peg	estaca
pelican	pelicano
Pelvis	Pélvis
Pen	Caneta
pencil	lápis
penguin	pinguim
penguin	pinguim
peninsula	Península
penis	pênis
penny	centavo
Pentagon	Pentágono
People	Pessoas
People	Pessoas
pepper	pimenta
pepper	pimenta
perceptive	perceptivo
perch	poleiro
percussion	percussão
percussionist	percussionista
perfectionist	perfeccionista
perfectly	perfeitamente
perfume	perfume
periodic	periódico
periodically	periodicamente
peritonitis	peritonite
Permafrost	permafrost
permanent	permanente
permission	permissão
pernickety	pernicioso
perpendicular	perpendicular
persecution	perseguição
persecution	perseguição
persevere	perseverar
persistent	persistente
personal	pessoal
personality	personalidade
personalize	personalizar
perspiration	transpiração
Peru	Peru
pessimistic	pessimista
pesticide	pesticida
petal	pétala
petition	petição
ph.d.	doutorado
Pharaoh	faraó
Phenomenon	Fenômeno
philosopher	filósofo
phone	telefone
photocopy	fotocópia
photographer	fotógrafo
photography	fotografia
photon	fóton
physical	fisica
Physicist	Físico
physiology	fisiologia
physiotherapist	fisioterapeuta
pianist	pianista
piano	piano
pick	escolha
pickpocket	batedor de carteira
pickup	pegar
pie	torta
pig	porco
pigeon	Pombo
piglet	leitão
pigment	pigmento
pile	pilha
Pileup	Acumular-se
pilgrim	peregrino
pilgrimage	peregrinação
pill	comprimido
pill	comprimido
pillow	travesseiro
pillowcase	fronha
pilot	piloto
Pimento	Pimento
pink	rosa
pint	cerveja
pioneer	pioneiro
pirate	pirata
placard	cartaz
plague	praga
plain	avião
plan	plano
planet	planeta
Plank	Prancha
Plankton	Plâncton
plant	plantar
plantation	plantação
plastic	plástico
plate	prato
plateau	platô
play	Toque
player	jogador
playground	Parque infantil
pleasant	prazeroso
pleased	satisfeito
pleasure	prazer
plier	alicate
plum	ameixa
Plumber	Encanador
plumbing	encanamento
plunder	pilhagem
plural	plural
plush	pelúcia
poach	caça furtiva
pocket	bolso
podium	pódio
poem	poema
poet	poeta
poison	tóxico
poison	tóxico
poisoning	envenenamento
poisonous	venenoso
poker	pôquer
pole	pólo
Police	Polícia
policeman	policial
polish	polonês
politely	educadamente
politeness	polidez
politician	político
politic	político
pollen	pólen
pollution	poluição
polyglot	poliglota
pond	lago
pond	lago
pond	lago
pony	pónei
pool	piscina
poor	pobre
Pope	Papa
popular	popular
population	população
porch	varanda
port	porta
port	porta
portrait	retrato
Portugal	Portugal
portuguese	Português
portuguese	Português
position	posição
possessive	possessivo
possibility	possibilidade
possibility	possibilidade
possible	possível
possibly	possivelmente
possibly	possivelmente
post	publicar
posthumously	postumamente
posture	postura
pot	Panela
potassium	potássio
Potato	Batata
potentially	potencialmente
Pothole	buraco
pottery	cerâmica
pouch	bolsa
poultry	aves
pound	libra
pound	libra
poverty	pobreza
powder	em pó
power	potência
power	potência
power	potência
powerful	poderoso
powerless	impotente
practice	prática
pragmatic	pragmático
pray	rezar
prayer	oração
precarious	precário
precariousness	precariedade
precaution	precaução
precious	precioso
precisely	precisamente
predator	predador
predictable	previsível
prefect	prefeito
prefer	preferir
pregnancy	gravidez
pregnant	grávida
prehistoric	pré-histórico
prehistory	pré-história
preliminary	preliminares
preparation	preparação
prepare	preparar
presence	presença
present	presente
present	presente
presentation	apresentação
preservation	preservação
President	Presidente
presidential	presidencial
pressure	pressão
prestige	prestígio
prestigious	Prestigiado
pretentious	pretensioso
pretty	bonito
prevent	evita
previous	anterior
Prey	Presa
price	preço
pride	orgulho
pride	orgulho
priest	padre
prince	Principe
princess	Princesa
principle	princípio
printer	impressora
prison	prisão
prisoner	prisioneiro
privacy	privacidade
private	privado
priviliege	privilégio
prize	prêmio
probation	liberdade condicional
problem	problema
process	processo
process	processo
product	produtos
production	Produção
professional	profissional
professionalism	profissionalismo
profit	lucro
profitability	lucratividade
profitable	rentável
program	programa
programming	programação
progress	progresso
project	projeto
projector	projetor
prominent	proeminente
promise	promessa
promise	promessa
pronunciation	pronúncia
propaganda	propaganda
propeller	hélice
property	propriedade
proposal	proposta
proposition	proposição
prostitute	prostituta
prostitution	prostituição
protect	proteger
protein	proteína
protestant	protestante
protestantism	protestantismo
Protocol	Protocolo
prototype	protótipo
proud	orgulhoso
proud	orgulhoso
proverb	provérbio
Prune	Ameixa seca
pseudonym	pseudônimo
psychiatrist	psiquiatra
psychiatry	psiquiatria
psychoanalyst	psicanalista
psychological	psicológico
psychologist	psicólogo
Pubis	Púbis
public	público
puerile	pueril
pull	puxar
pulse	pulso
pump	bombear
pumpkin	abóbora
punctual	pontual
punctuation	pontuação
puncture	punção
Pupil	Aluno
Pupil	Aluno
puppet	fantoche
puppy	cachorro
pure	puro
purification	purificação
purple	roxo
push	Empurre
put	colocar
pylon	pilão
Pyramid	Pirâmide
Pyre	pira
pâté	patê
qualified	qualificado
quality	qualidade
Quarry	Pedreira
quarter	trimestre
quarter	trimestre
queen	rainha
queen	rainha
question	pergunta
questionnaire	questionário
quickly	rapidamente
quiet	tranquilo
quite	bastante
quotation	cotação
Rabbi	Rabino
rabbie	rabino
rabbit	coelho
Raccoon	Guaxinim
racism	racismo
racist	racista
racket	raquete
radar	radar
radiation	radiação
radiator	radiador
radio	rádio
radioactive	radioativo
radioactivity	radioatividade
Radius	Raio
rain	chuva
rain	chuva
rainbow	arco Iris
raise	levantar
rake	ancinho
rake	ancinho
rancorous	rancoroso
range	variar
ransom	resgate
rape	estupro
rapist	estuprador
rare	cru
rash	irritação na pele
raspberry	framboesa
Rat	Rato
ratatouille	Ratatouille
rate	avaliar
rather	em vez de
rattlesnake	cascavel
raven	Raven
ravine	ravina
raw	cru
Ray	Raio
ray	raio
Razor	Navalha
reach	alcançar
reachable	alcançável
reaction	reação
reactionary	reacionário
read	ler
read	ler
ready	pronto
ready	pronto
realistic	realista
reality	realidade
reality	realidade
really	verdade
Realm	Reino
reasonable	razoável
rebel	rebelde
Receipt	Recibo
recently	recentemente
reception	recepção
receptionist	recepcionista
recession	recessão
recipe	receita
recognize	reconhecer
recording	gravação
recovery	recuperação
recruit	recrutar
rectangle	retângulo
recycling	reciclando
red	vermelho
red	vermelho
reed	cana
referee	juiz
referendum	referendo
refinery	refinaria
reflection	reflexão
reflex	reflexo
reforestation	reflorestamento
reform	reforma
refrigerator	frigorífico
refuge	refúgio
regime	regime
regiment	regimento
regional	regional
regionalization	regionalização
regret	arrepender
regular	regular
regularly	regularmente
rehearsal	ensaio
Reheat	reaquecer
reign	reinado
reincarnation	reencarnação
reindeer	rena
reinforcement	reforço
reintroduction	reintrodução
relaxed	relaxado
relevant	relevante
reliable	confiável
religion	religião
religion	religião
religious	religioso
reluctant	relutante
remarkable	notável
remember	lembrar
remorse	remorso
Remote	Controlo remoto
Remover	Removedor
renovation	renovação
rent	aluguel
rent	aluguel
repair	reparar
repairman	reparador
repetitive	repetitivo
replace	substituir
report	relatório
report	relatório
represent	representar
representative	representante
reptile	réptil
republic	república
republican	republicano
reputation	reputação
request	solicitar
require	exigir
requirement	requerimento
researcher	investigador
researcher	investigador
resell	revender
resentment	ressentimento
reserve	reserva
Reservoir	Reservatório
residential	residencial
resin	resina
resistance	resistência
resistant	resistente
resource	recurso
respect	respeito
respectful	respeitoso
responsability	responsabilidade
responsible	responsável
rest	descanso
rest	descanso
restarting	reiniciando
restaurant	restaurante
restaurant	restaurante
restful	repousante
restoration	restauração
result	resultado
result	resultado
result	resultado
resume	retomar
retail	retalho
retaliation	retaliação
retirement	aposentadoria
retreat	retiro
retreat	retiro
return	Retorna
revenge	vingança
review	Reveja
review	Reveja
revision	revisão
revolt	revolta
revolution	revolução
Revolutionary	Revolucionário
reward	recompensa
rheumatism	reumatismo
rhino	rinoceronte
rice	arroz
Ricefield	Arrozal
ridiculous	ridículo
right	certo
right	certo
rigorous	rigoroso
Rigour	Rigor
ring	anel
Ringtone	toque
rise	subir
risk	risco
rite	rito
rival	rival
rivalry	rivalidade
river	rio
river	rio
road	estrada
road	estrada
roar	rugido
robot	robô
robotic	robótico
rock	Rocha
rocket	foguete
rockfall	queda de rocha
romantic	romântico
romantic	romântico
room	quarto
root	raiz
rope	corda
rosary	rosário
Rosé	Rosa
rotation	rotação
rotten	podre
rot	podridão
roughly	aproximadamente
round	redondo
roundabout	rotunda
route	rota
routine	rotina
row	fileira
rubber	borracha
rubble	destroços, Pedregulho
rude	rude
rudeness	grosseria
rugby	rúgbi
Ruin	Ruína
rule	regra
rule	regra
rum	rum
rum	rum
run	corre
Russia	Rússia
russian	russo
russian	russo
rust	ferrugem
rustic	rústico
rusty	oxidado
rye	centeio
std	std
sacred	sagrado
sacrifice	sacrifício
sad	triste
saddle	selim
sadness	tristeza
sail	velejar
sailing	Navegando
Sailor	Marinheiro
Saint	Santo
salad	salada
salary	salário
sale	oferta
sale	oferta
sale	oferta
sale	oferta
salesperson	vendedor
saliva	saliva
salmon	salmão
salt	sal
salt	sal
same	mesmo
sanction	sanção
sand	areia
sandal	sandália
sarcastic	sarcástico
sarcophagus	sarcófago
sardine	sardinha
satellite	satélite
satellite	satélite
satisfy	satisfazer
sauce	molho
sausage	salsicha
sausage	salsicha
Savannah	Savana
save	Salve 
saw	viu
saxophone	saxofone
say	dizer
scaffold	andaime
scale	escala
scale	escala
Scalpel	Bisturi
scam	fraudar
scandal	escândalo
scar	cicatriz
scar	cicatriz
Scarf	Cachecol
schedule	cronograma
schedule	cronograma
schedule	cronograma
school	escola
science	Ciência
scientific	científico
scientific	científico
scissor	tesoura
scooter	lambreta
Scorpio	Escorpião
scotch	uísque
scratch	coçar, arranhão
scratch	coçar, arranhão
scratch	coçar, arranhão
scratch	coçar, arranhão
scratch	coçar, arranhão
scree	cascalho
screen	tela
screw	parafuso
screwdriver	Chave de fenda
scrupulously	escrupulosamente
sculpture	escultura
sea	mar
seafood	frutos do mar
seagull	gaivota
seagull	gaivota
seal	selo
seaplane	hidroavião
search	procurar
season	estação
seasonal	sazonal
seat	assento
seat	assento
secateur	tesoura de podar
second	segundo
second	segundo
sect	seita
secular	secular
security	segurança
sedative	sedativo
see	Vejo
seed	semente
seldom	raramente
self	auto
self	auto
self	auto
selfish	egoísta
selfishness	egoísmo
sell	vender
semester	semestre
semicolon	ponto e vírgula
semifinal	semifinal
seminar	seminário
Senate	Senado
Senator	Senador
send	mandar
senegal	Senegal
sensitive	confidencial
sensor	sensor
sentence	frase
sentence	frase
separate	separado
sergeant	sargento
serious	sério
seriously	a sério
seriously	a sério
Sermon	Sermão
servant	servo
server	servidor
server	servidor
set	definir
seven	Sete
seventeen	dezessete
seventh	sétimo
seventy	setenta
several	de várias
several	de várias
severe	forte
sew	costurar
sewerage	sistema de esgoto
sex	sexo
shady	sombrio
shallot	chalota
shame	vergonha
shame	vergonha
shampoo	xampu
shape	forma
shareholder	acionista
shark	Tubarão
sharp	afiado
sharp	afiado
shed	cabana
sheep	ovelha
sheep	ovelha
sheet	Folha
sheet	Folha
shelf	prateleira
Shell	Casca
Shell	Casca
Shell	Casca
shelter	abrigo
shepherdess	pastora
shield	escudo
shiite	xiita
shipwreck	naufrágio
shiver	arrepio
shoemaker	sapateiro
shoe	sapato
shoot	atirar
shooting	filmagem
shop	fazer compras
shopkeeper	lojista
shopkeeper	lojista
short	curto
short	curto
short	curto
short	curto
shortage	falta
shortcut	atalho
shoulder	ombro
shout	gritar
shout	gritar
shovel	pá
show	mostrar
shower	banho
shower	banho
shrimp	camarão
Shrub	Arbusto
shuttle	transporte
shy	tímido
shyness	timidez
sickle	foice
sidewalk	calçada
signature	assinatura
silk	seda
silk	seda
silo	silo
silt	lodo
silver	prata
simple	simples
simply	simplesmente
sin	pecado
sin	pecado
since	desde
since	desde
sincere	sincero
sing	canta
singer	cantor
single	solteiro
single	solteiro
sink	afundar
sink	afundar
sink	afundar
Siren	sirene
sister	irmã
sit	sentar
site	local
situation	situação
six	seis
sixteen	dezesseis
sixth	sexto
sixty	sessenta
size	Tamanho
Skeleton	Esqueleto
skier	esquiador
skilful	hábil
skill	habilidade
skill	habilidade
skin	pele
skin	pele
skirmish	escaramuça
skirt	saia
sky	céu
Skyrocket	foguete
skyscraper	arranha-céu
slap	tapa
slater	ardósia
slaughterhouse	matadouro
slaughterhouse	matadouro
slave	escravo
slavery	escravidão
sleek	lustroso
sleep	dorme
sleep	dorme
sleepwalker	sonâmbulo
slice	fatiar
slide	deslizar
Slip	Escorregar
slippery	escorregadio
slow	lento
slowly	devagar
small	pequena
smart	inteligente
smell	cheiro
smell	cheiro
smell	cheiro
smoke	fumaça
snail	lesma
snake	cobra
snake	cobra
sneeze	espirrar
snobbish	esnobe
snore	ronco
snore	ronco
snout	focinho
snow	neve
snow	neve
so	assim
soap	sabão
sociable	sociável
socialist	socialista
sock	meia
soda	refrigerante
soldier	soldado
sole	único
sole	único
solid	sólido
solidarity	solidariedade
solitary	solitário
solution	solução
someone	alguém
something	algo
sometime	às vezes
sometimes	as vezes
Son	Filho
Son	Filho
song	música
soon	em breve
soot	fuligem
soul	alma
soup	sopa
source	fonte
south	sul
southern	sulista
soviet	soviético
soybean	soja
space	espaço
Spade	Pá
Spain	Espanha
spanish	espanhol
spanking	palmada
spark	fagulha
sparkle	brilhar
sparrow	pardal
spasm	espasmo
spatula	espátula
spear	lança
specialist	especialista
specie	espécie
spectacular	espetacular
spectrum	espectro
speculation	especulação
speech	Fala
speed	Rapidez
speedboat	lancha
speed	Rapidez
spelling	ortografia
sperm	esperma
spermatozoon	espermatozóide
sphere	esfera
spice	especiaria
spicy	apimentado
spider	aranha
spinach	espinafre
spine	coluna
spiral	espiral
Spirit	Espírito
spiteful	rancoroso
splint	tala
splinter	lasca
spokesperson	porta-voz
sponge	esponja
spontaneous	espontâneo
spontaneously	espontaneamente
sporty	esportivo
spot	ver
sprain	entorse
Spread	Espalhar
spring	primavera
spring	primavera
sprint	arrancada
spy	espião
spy	espião
Square	Quadrado
Square	Quadrado
squash	abóbora
squid	lula
squid	lula
squirrel	esquilo
stab	punhalada
stab	punhalada
stable	estábulo
staff	funcionários
stage	palco
stair	escada
stair	escada
stalactite	estalactite
stalemate	impasse
stamp	carimbo
stamp	carimbo
staple	grampo
stapler	agrafador
starfish	estrela do Mar
star	Estrela
starter	iniciante
start	começar
start	começar
starve	morrer de fome
state	Estado
statistic	estatística
statue	estátua
steak	bife
steam	vapor
steam	vapor
steel	aço
stem	tronco
sterile	estéril
Steward	Comissário de bordo
Stick	Grudar
sticker	adesivo
stiff	rígido
stifle	sufocar
still	ainda
still	ainda
stingy	avarento
stitch	ponto
stomach	estômago
stone	pedra
stone	pedra
stone	pedra
stone	pedra
stool	banco
stopwatch	cronômetro
storehouse	armazém
storm	tempestade
storm	tempestade
stormy	tormentoso
stove	fogão
stowaway	clandestino
straighten	endireitar
strange	estranho
strategy	estratégia
straw	Palha
straw	Palha
Strawberry	Morango
street	rua
strenght	força
stress	estresse
stretcher	maca
strict	rigoroso
strike	ataque
striker	atacante
string	corda
strip	faixa
stroke	derrame
stroke	derrame
strong	Forte
stubborn	teimoso
student	aluna
study	estudar
study	estudar
stuff	material
stun	atordoar
stuntman	dublê
stylish	à moda
submarine	submarino
submission	submissão
submissive	submisso
subscriber	assinante
subsidy	subvenção
Substitute	Substituto
substraction	subtração
subtitle	legenda
suburb	subúrbio
succeed	sucesso
success	sucesso
successor	sucessor
suddenly	De repente
suddenly	De repente
Sugar	Açúcar
suggestion	sugestão
suicidal	suicida
suit	Traje
summarize	resumir
summary	resumo
summer	verão
Sun	Sol
Sunday	Domingo
Sundown	pôr do sol
sunglass	oculos de sol
sunni	sunita
sunny	ensolarado
sunscreen	protetor solar
superficial	superficial
superlative	superlativo
supermarket	supermercado
superstitious	supersticioso
supervisor	Supervisor
supple	flexível
suppository	supositório
suppression	supressão
sura	sura
sure	claro
surely	certamente
Surfer	Surfista
surfing	surf
surgeon	cirurgião
surprise	surpresa
surprise	surpresa
surprising	surpreendente
surrealist	surrealista
surrender	render
surrender	render
surveilance	vigilância
survey	pesquisa
survivor	sobrevivente
susceptibility	suscetibilidade
suspect	suspeito
suspicious	suspeito
sustainable	sustentável
swab	cotonete
swahili	suaíli
swallow	engolir
swallow	engolir
swamp	pântano
sweat	suor
sweaty	suado
sweep	varrer
Sweet	Doce
swell	inchar
swimming	natação
Swimsuit	roupa de banho
swindle	trapacear
swing	balanço
switch	trocar
Switzerland	Suíça
syllable	sílaba
symbol	símbolo
symbolic	simbólico
symmetrical	simétrico
synagogue	sinagoga
synonym	sinônimo
syphili	sífilis
Syria	Síria
syrup	xarope
t	t
true	verdadeiro
table	tabela
table	tabela
tablecloth	toalha de mesa
tablecloth	toalha de mesa
tactic	tática
tadpole	girino
tail	rabo
tail	rabo
tailor	alfaiate
Taiwan	Taiwan
take	leva
take	leva
talk	conversa
talk	conversa
talk	conversa
tall	alta
tank	tanque
tan	bronzeado
tar	alcatrão
tarantula	tarântula
target	alvo
task	tarefa
tasty	gostoso
tattoo	tatuagem
taut	tenso
tax	imposto
taxis	Táxis
taxi	Táxi
Taxpayer	Contribuinte
tea	chá
teach	Ensinar
teacher	professora
teacher	professora
teacher	professora
team	equipe
teapot	bule
tear	rasgar
tear	rasgar
teaspoon	colher de chá
teat	teta
technological	tecnológica
technology	tecnologia
Teenager	Adolescente
tooth	dente
telepathy	telepatia
telescope	telescópio
temperature	temperatura
Temple	têmpora
Tempo	Tempo
temporary	temporário
temporary	temporário
temptation	tentação
ten	dez
tenacious	persistente
Tenant	Inquilino
tender	macio
tenderness	ternura
tendinitis	tendinite
Tendon	Tendão
tennis	tênis
tent	barraca
tentacle	tentáculo
tenth	décimo
Terminus	terminal
termitary	termitario
Termite	Cupim
terrace	terraço
terrible	Terrível
terrier	terrier
terrorism	terrorismo
terrorist	terrorista
test	teste
testicle	testículo
testimony	testemunho
testosterone	testosterona
tetanus	tétano
teton	teton
text	texto
textile	têxtil
Thailand	tailândia
thaw	descongelamento
theater	teatro
then	então
theory	teoria
therefore	Portanto
Thermometer	Termômetro
Thermos	garrafa térmica
thick	espesso
thief	Ladrão
thigh	coxa
thin	fino
third	terceiro
third	terceiro
thirsty	com sede
thirsty	com sede
thirteen	treze
Thirtieth	Trigésimo
thirty	trinta
thousand	mil
thousand	mil
Thousandth	Milésimo
thread	fio
threat	ameaça
threaten	ameaçar
three	três
throat	garganta
thrombolytic	trombolítico
thrombosis	trombose
throne	trono
Throttle	Acelerador
throw	lançar
thunder	trovão
thunder	trovão
Thursday	Quinta-feira
Tibet	Tibete
Tibia	Tíbia
tick	Carraça
ticket	bilhete
ticket	bilhete
ticket	bilhete
tide	maré
tie	gravata
tiger	tigre
tile	telha
time	Tempo
tip	gorjeta
tire	pneu
tired	cansado
tireless	incansável
title	título
Toad	Sapo
Toast	Brinde
toaster	torradeira
tobacco	tabaco
today	hoje
toe	dedo do pé
together	juntos
together	juntos
tolerant	tolerante
toll	pedágio
Tomatoe	Tomate
tomorrow	amanhã
ton	tonelada
tonight	esta noite
too	também
tool	ferramenta
tooth	dente
toothache	dor de dente
Toothbrush	Escova de dente
Tornado	Tornado
Torpedo	Torpedo
Torpedo	Torpedo
Torrent	Torrente
torticolli	torcicolo
torture	tortura
toucan	tucano
touch	toque
touchpad	touchpad
touchy	melindroso
tough	difícil
tournament	torneio
tourniquet	torniquete
towel	toalha
tower	torre
track	acompanhar
track	acompanhar
tract	trato
tractor	trator
trade	troca
tradition	tradição
traditional	tradicional
traffic	tráfego
traffic	tráfego
tragic	trágico
train	Comboio
trainee	estagiário
training	Treinamento
training	Treinamento
training	Treinamento
traitor	traidor
translation	tradução
translator	tradutor
transparent	transparente
transplant	transplante
transplant	transplante
trap	armadilha
trash	lixo
travel	viagem
Traveller	Viajante
treatment	tratamento
tree	árvore
tremendous	tremendo
trench	trincheira
trial	tentativas
tribe	tribo
Trigger	Acionar
trinity	trindade
trip	viagem
triple	triplo
Triton	Tritão
trivial	trivial
trolley	carrinho
troop	tropa
tropical	tropical
tropic	trópico
Trout	Truta
truce	trégua
truck	caminhão
trumpet	trompete
trunk	porta-malas
trunk	porta-malas
trunk	porta-malas
trunk	porta-malas
truth	verdade
try	tentar
try	tentar
tsunami	tsunami
tube	tubo
Tuesday	Terça-feira
Tulip	Tulipa
tumor	tumor
tuna	atum
tune	afinação
tunnel	túnel
turban	turbante
turbulence	turbulência
Turkey	Peru
Turkey	Peru
Turkey	Peru
turn	virar
turtle	tartaruga
tweezer	pinça
twelve	doze
Twentieth	vigésimo
twenty	vinte
twenty	vinte
twenty	vinte
twice	duas vezes
Twin	Gêmeo
two	dois
two	dois
typewriter	máquina de escrever
typhu	tifo
UN	UN
ugly	feio
Ulcer	Úlcera
Umbrella	Guarda-chuva
unable	impossível
unacceptable	inaceitável
unanimous	unânime
unavailable	indisponível
unbiased	imparcial
unbreakable	inquebrável
uncle	tio
uncomfortable	desconfortável
unconcerned	despreocupado
under	debaixo
underdeveloped	subdesenvolvido
underestimate	subestimar
undergrowth	vegetação rasteira
underneath	por baixo
underpant	cueca
understand	Compreendo
undertake	empreender
underwear	roupa de baixo
undisciplined	indisciplinado
uneatable	intragável
unefficient	ineficiente
unemployed	desempregado
unemployment	desemprego
uneven	desigual
unexpected	inesperado
unexpected	inesperado
unfairly	injustamente
unfocused	desfocado
unforgettable	inesquecível
unforgivable	imperdoável
unforgivable	imperdoável
unfortunately	infelizmente
ungrateful	ingrato
Unhappy	Infeliz
uniform	uniforme
uninhabitable	inabitável
union	União
Unique	Único
United	Unido
university	universidade
unjust	injusto
unjustified	injustificado
unless	a não ser que
unlimited	ilimitado
Unlucky	Azarado
unoccupied	desocupado
unofficial	não oficial
unoficially	extraoficialmente
unpredictable	imprevisível
unpunished	impune
unreachable	inacessível
unreadable	ilegível
unrealistic	irrealista
unstable	instável
until	até
until	até
unusual	incomum
unwillingly	involuntariamente
unworthy	indigno
Uranium	Urânio
urgent	urgente
urine	urina
use	usar
useful	útil
useless	sem utilidade
usher	arrumador
usually	usualmente
utopian	utópico
Vaccine	Vacina
Vacuum	Vácuo
Vagina	Vagina
vague	vago
valid	válido
valley	vale
valve	válvula
Vampire	Vampiro
van	furgão
van	furgão
vanilla	baunilha
variety	variedade
vase	vaso
vegetable	vegetal
vegetarian	vegetariano
Vein	Veia
venom	veneno
Veranda	Varanda
Verdict	Veredito
version	versão
vertebra	vértebra
vertical	vertical
very	muito
veterinary	veterinário
victim	vítima
victory	vitória
Vietnam	Vietnã
village	Vila
Vine	Videira
vinegar	vinagre
violence	violência
violent	violento
violently	violentamente
violin	violino
viper	víbora
Virgin	Virgem
virus	vírus
visa	visto
visibility	visibilidade
visit	Visita
visitor	Visitante
vocabulary	vocabulário
vodka	vodka
voice	voz
volcano	vulcão
volume	volume
vomit	vomitar
Vomited	vomitou
vote	voto
vote	voto
vowel	vogal
Vulgar	Vulgar
vulnerable	vulnerável
vulture	abutre
vulture	abutre
Wagon	Vagão
waitress	garçonete
walk	andar
walk	andar
walk	andar
walker	andador
walker	andador
wallet	carteira
Walrus	Morsa
war	guerra
warmly	calorosamente
warn	avisar
Wart	Verruga
wash	lavagem
wash	lavagem
wasp	vespa
waste	desperdício
waste	desperdício
waste	desperdício
wastewater	águas residuais
watch	ver
watch	ver
water	agua
Waterfall	Cascata
watermelon	melancia
watertight	estanque
wave	aceno
wavelength	Comprimento de onda
wax	cera
way	caminho
way	caminho
weak	fraco
weaken	enfraquecer
weakness	fraqueza
weapon	arma
weapon	arma
weasel	doninha
weather	tempo
Wednesday	Quarta-feira
weekend	fim de semana
weekly	semanalmente
weight	peso
weight	peso
weird	estranhas
well	Nós vamos
well	Nós vamos
well	Nós vamos
well	Nós vamos
Werewolf	Lobisomem
west	oeste
west	oeste
western	ocidental
wet	molhado
wet	molhado
Whale	Baleia
whaler	baleeiro
what	o que
whatever	qualquer que seja
wheat	trigo
wheel	roda
wheelbarrow	carrinho de mão
when	quando
when	quando
whenever	em qualquer momento
where	Onde
where	Onde
which	que
Whim	Capricho
whimsical	caprichoso
whispering	sussurrando
white	branco
whoever	quem quer que seja
why	Por quê
wick	pavio
wickedness	maldade
wide	largo
widely	largamente
widow	viúva
wife	esposa
wig	peruca
wild	selvagem
will	vai
will	vai
win	ganhar
win	ganhar
wind	vento
window	janela
window	janela
window	janela
windshield	parabrisa
windsurfing	windsurf
wine	vinho
wine	vinho
wing	asa
winter	inverno
wiper	limpador
wisdom	sabedoria
wise	sábio
wisely	sabiamente
witch	bruxa
witchcraft	feitiçaria
with	com
with	com
without	sem
witness	testemunha
Wobby	vacilante
Wolf	Lobo
woman	mulher
wonderful	Maravilhoso
wood	madeira
wool	lã
word	palavra
wording	redação
work	trabalhar
work	trabalhar
worker	trabalhador
workforce	trabalhadores
worm	minhoca
worried	preocupado
worry	preocupar
worry	preocupar
worth	que vale a pena
worth	que vale a pena
wound	ferimento
wound	ferimento
wrinkle	ruga
wrinkle	ruga
wrinkle	ruga
Wrist	Pulso
write	Escreva
writer	escritor
x	x
year	ano
yeast	fermento
yellow	amarelo
yesterday	ontem
yet	ainda
yield	colheita
yoghurt	iogurte
young	jovem
youth	juventude
zebra	zebra
zero	zero
zinc	zinco
Zoo	Jardim zoológico
zoologist	zoólogo
Zucchini	Abobrinha
accessory	acessório
already	já
bad	mau
bamboo	bambu
batch	lote
illiteracy	analfabetismo
lucrative	lucrativo
nan	nan
nan	nan
nan	nan
nan	nan
wrong	errado
wrong	errado
…	…
